Quarter,CPI
2023-03,125.93413816628954
2023-06,126.2915192637954
2023-09,126.827738379987
2023-12,127.5191425495662
2024-03,128.244335182044
2024-06,128.54195218879588
